"","thresholds","double_cross_error","N"
"1",0,0.0555555555555556,1697
"2",0,0.0555555555555556,1697
