"","thresholds","double_cross_error","N"
"1",0,0.5,297
"2",0,0.575,297
"3",0.0227453559869254,0.51875,297
"4",0,0.5125,297
"5",0,0.65625,297
"6",0,0.54375,297
"7",0.0351168340674996,0.541666666666667,297
"8",0,0.520833333333333,297
"9",0,0.525,297
"10",0.065817262282254,0.51875,297
